ko	en
예시 데이터를 사용하여 파이썬과 판다스를 배우는 것은 프로그래밍 공부에 도움이 될 것입니다.	Learning Python and Pandas using sample data will be helpful in studying programming.
예시 데이터를 사용하여 파이썬과 판다스를 배우는 것은 프로그래밍 공부에 도움이 될 것입니다.	Learning Python and Pandas using sample data will be helpful in studying programming.
예시 데이터를 사용하여 파이썬과 판다스를 배우는 것은 픙롱긍랭밍 공부에 도움이 될 것입니다.	Learning Python and Pandas using sample data will be helpful in studying programming.
한국은 아시아 대륙 동쪽에 위치하고 있으며, 대한민국은 한반도의 남부에 위치한 나라입니다.	Korea is located in the eastern part of the Asian continent, and South Korea is a country located in the southern part of the Korean Peninsula.
한국은 아시아 대륙 동쪽에 위치하고 있으며, 대한민국은 한반도의 남부에 위치한 4라왼니다.	Korea is located in the eastern part of the Asian continent, and South Korea is a country located in the southern part of the Korean Peninsula.
한국은 아시아 대륙 동쪽에 읶치하끄 있으며, 대한민국은 한반도의 남부에 위치한 나라입니다.	Korea is located in the eastern part of the Asian continent, and South Korea is a country located in the southern part of the Korean Peninsula.
데이터 과학은 정보를 추출하고 해석하는 데 도움이 되는 중요한 분야 중 하나입니다.	Data science is one of the important fields that help in extracting and interpreting information.
데이터 과학은 정보를 추출하고 해석하는 데 도움이 되는 중요한 분야 중 하나입니다.	Data science is one of the important fields that help in extracting and interpreting information.
데이터 과학은 정보를 추출하고 해석하는 데 도움이 되는 중요한 분야 중 하나입니다.	Data science is one of the important fields that help in extracting and interpreting information.
